insert into Service (Code, libellé) values (1, 'mi nulla ac');
insert into Service (Code, libellé) values (2, 'luctus');
insert into Service (Code, libellé) values (3, 'amet cursus id');
insert into Service (Code, libellé) values (4, 'parturient');
insert into Service (Code, libellé) values (5, 'sapien');
insert into Service (Code, libellé) values (6, 'morbi');
insert into Service (Code, libellé) values (7, 'pulvinar');
insert into Service (Code, libellé) values (8, 'mauris');
insert into Service (Code, libellé) values (9, 'sed vestibulum sit');
insert into Service (Code, libellé) values (10, 'accumsan tellus nisi');


insert into Employe (Matricule, Nom, Prénom, Date_naissance, grade, échelle, code_service) values (1, 'Olive', 'Inchboard', '3/10/1997', 'et ultrices', 'dapibus', 1);
insert into Employe (Matricule, Nom, Prénom, Date_naissance, grade, échelle, code_service) values (2, 'Tilda', 'Reaper', '2/3/1994', 'platea dictumst', 'nisi', 1);
insert into Employe (Matricule, Nom, Prénom, Date_naissance, grade, échelle, code_service) values (3, 'Lammond', 'Guilder', '8/31/2000', 'lobortis', 'lacus', 3);
insert into Employe (Matricule, Nom, Prénom, Date_naissance, grade, échelle, code_service) values (4, 'Tisha', 'Quarterman', '5/16/1991', 'mi', 'quam', 5);
insert into Employe (Matricule, Nom, Prénom, Date_naissance, grade, échelle, code_service) values (5, 'Latashia', 'Assaf', '11/13/1998', 'sit', 'id', 6);
insert into Employe (Matricule, Nom, Prénom, Date_naissance, grade, échelle, code_service) values (6, 'Kathye', 'Skydall', '2/24/2003', 'id nisl', 'enim', 6);
insert into Employe (Matricule, Nom, Prénom, Date_naissance, grade, échelle, code_service) values (7, 'Bree', 'Godar', '10/10/1991', 'nulla nisl', 'pellentesque', 8);
insert into Employe (Matricule, Nom, Prénom, Date_naissance, grade, échelle, code_service) values (8, 'Benjy', 'Furzer', '9/4/2004', 'dui maecenas', 'ipsum', 9);
insert into Employe (Matricule, Nom, Prénom, Date_naissance, grade, échelle, code_service) values (9, 'Rayner', 'MacConnulty', '11/9/2001', 'quis turpis', 'nulla', 2);
insert into Employe (Matricule, Nom, Prénom, Date_naissance, grade, échelle, code_service) values (20, 'Ritchie', 'O'' Mahony', '9/6/1999', 'neque', 'luctus', 7);


insert into Conge (Matricule, Date_congé, Type_congé, Durée) values (2, '6/17/2021', 'justo', 64);
insert into Conge (Matricule, Date_congé, Type_congé, Durée) values (9, '10/20/2020', 'eget', 62);
insert into Conge (Matricule, Date_congé, Type_congé, Durée) values (3, '1/29/2022', 'id', 71);
insert into Conge (Matricule, Date_congé, Type_congé, Durée) values (8, '5/26/2022', 'ridiculus', 52);
insert into Conge (Matricule, Date_congé, Type_congé, Durée) values (6, '3/28/2021', 'ridiculus', 67);
insert into Conge (Matricule, Date_congé, Type_congé, Durée) values (8, '3/27/2022', 'vehicula', 86);
insert into Conge (Matricule, Date_congé, Type_congé, Durée) values (9, '1/22/2022', 'fermentum', 27);
insert into Conge (Matricule, Date_congé, Type_congé, Durée) values (9, '10/21/2021', 'pulvinar', 24);
insert into Conge (Matricule, Date_congé, Type_congé, Durée) values (10, '8/6/2020', 'at', 71);
insert into Conge (Matricule, Date_congé, Type_congé, Durée) values (3, '1/9/2021', 'molestie', 76);
