insert into Service (Code, libellé) values (1, 'mi nulla ac');
insert into Service (Code, libellé) values (2, 'luctus');
insert into Service (Code, libellé) values (3, 'amet cursus id');
insert into Service (Code, libellé) values (4, 'parturient');
insert into Service (Code, libellé) values (5, 'sapien');
insert into Service (Code, libellé) values (6, 'morbi');
insert into Service (Code, libellé) values (7, 'pulvinar');
insert into Service (Code, libellé) values (8, 'mauris');
insert into Service (Code, libellé) values (9, 'sed vestibulum sit');
insert into Service (Code, libellé) values (10, 'accumsan tellus nisi');


insert into Employe (Matricule, Nom, Prénom, Date_naissance, grade, échelle, code_service) values (1, 'Olive', 'Inchboard', '3/10/1997', 'et ultrices', 'dapibus', 1);
insert into Employe (Matricule, Nom, Prénom, Date_naissance, grade, échelle, code_service) values (2, 'Tilda', 'Reaper', '2/3/1994', 'platea dictumst', 'nisi', 1);
insert into Employe (Matricule, Nom, Prénom, Date_naissance, grade, échelle, code_service) values (3, 'Lammond', 'Guilder', '8/31/2000', 'lobortis', 'lacus', 3);
insert into Employe (Matricule, Nom, Prénom, Date_naissance, grade, échelle, code_service) values (4, 'Tisha', 'Quarterman', '5/16/1991', 'mi', 'quam', 5);
insert into Employe (Matricule, Nom, Prénom, Date_naissance, grade, échelle, code_service) values (5, 'Latashia', 'Assaf', '11/13/1998', 'sit', 'id', 6);
insert into Employe (Matricule, Nom, Prénom, Date_naissance, grade, échelle, code_service) values (6, 'Kathye', 'Skydall', '2/24/2003', 'id nisl', 'enim', 6);
insert into Employe (Matricule, Nom, Prénom, Date_naissance, grade, échelle, code_service) values (7, 'Bree', 'Godar', '10/10/1991', 'nulla nisl', 'pellentesque', 8);
insert into Employe (Matricule, Nom, Prénom, Date_naissance, grade, échelle, code_service) values (8, 'Benjy', 'Furzer', '9/4/2004', 'dui maecenas', 'ipsum', 9);
insert into Employe (Matricule, Nom, Prénom, Date_naissance, grade, échelle, code_service) values (9, 'Rayner', 'MacConnulty', '11/9/2001', 'quis turpis', 'nulla', 2);
insert into Employe (Matricule, Nom, Prénom, Date_naissance, grade, échelle, code_service) values (10, 'Jeannette', 'Piff', '8/13/1996', 'at', 'faucibus', 2);
insert into Employe (Matricule, Nom, Prénom, Date_naissance, grade, échelle, code_service) values (11, 'Homer', 'D''Hooge', '5/14/2005', 'lorem', 'ipsum', 4);
insert into Employe (Matricule, Nom, Prénom, Date_naissance, grade, échelle, code_service) values (12, 'Sly', 'Lavelle', '12/23/2003', 'mauris', 'eget', 5);
insert into Employe (Matricule, Nom, Prénom, Date_naissance, grade, échelle, code_service) values (13, 'Gates', 'Madgwick', '12/6/1991', 'pede', 'luctus', 2);
insert into Employe (Matricule, Nom, Prénom, Date_naissance, grade, échelle, code_service) values (14, 'Mady', 'Ziemens', '1/1/2004', 'molestie lorem', 'at', 4);
insert into Employe (Matricule, Nom, Prénom, Date_naissance, grade, échelle, code_service) values (15, 'Pebrook', 'Fowley', '12/15/1997', 'ornare consequat', 'interdum', 4);
insert into Employe (Matricule, Nom, Prénom, Date_naissance, grade, échelle, code_service) values (16, 'Rivi', 'Abela', '11/16/1996', 'dapibus', 'bibendum', 5);
insert into Employe (Matricule, Nom, Prénom, Date_naissance, grade, échelle, code_service) values (17, 'Corliss', 'Umfrey', '10/19/1997', 'praesent lectus', 'volutpat', 7);
insert into Employe (Matricule, Nom, Prénom, Date_naissance, grade, échelle, code_service) values (18, 'Basilio', 'Culverhouse', '6/25/2000', 'quam', 'ligula', 6);
insert into Employe (Matricule, Nom, Prénom, Date_naissance, grade, échelle, code_service) values (19, 'Ole', 'Mercey', '9/2/1996', 'quis libero', 'morbi', 4);
insert into Employe (Matricule, Nom, Prénom, Date_naissance, grade, échelle, code_service) values (20, 'Ritchie', 'O'' Mahony', '9/6/1999', 'neque', 'luctus', 7);


insert into Conge (Matricule, Date_congé, Type_congé, Durée) values (2, '6/17/2021', 'justo', 64);
insert into Conge (Matricule, Date_congé, Type_congé, Durée) values (9, '10/20/2020', 'eget', 62);
insert into Conge (Matricule, Date_congé, Type_congé, Durée) values (3, '1/29/2022', 'id', 71);
insert into Conge (Matricule, Date_congé, Type_congé, Durée) values (8, '5/26/2022', 'ridiculus', 52);
insert into Conge (Matricule, Date_congé, Type_congé, Durée) values (6, '3/28/2021', 'ridiculus', 67);
insert into Conge (Matricule, Date_congé, Type_congé, Durée) values (8, '3/27/2022', 'vehicula', 86);
insert into Conge (Matricule, Date_congé, Type_congé, Durée) values (9, '1/22/2022', 'fermentum', 27);
insert into Conge (Matricule, Date_congé, Type_congé, Durée) values (9, '10/21/2021', 'pulvinar', 24);
insert into Conge (Matricule, Date_congé, Type_congé, Durée) values (10, '8/6/2020', 'at', 71);
insert into Conge (Matricule, Date_congé, Type_congé, Durée) values (3, '1/9/2021', 'molestie', 76);
